Sharpe,MaxDD,CAGR,HitRate,TotalPnL
1.9232529675335004,-0.22445565410084023,0.2793441298225179,0.5565163681284744,7.839138332659877
